{
    "loss": 0.7403905249777294,
    "accuracy": 75.39682539682539
}