{
    "loss": 0.7381803317675515,
    "accuracy": 75.79365079365078
}