{
    "loss": 0.7445813436356802,
    "accuracy": 75.79365079365078
}